	{ 
		
		"Colision": [
			
				{
					"density": 2, "friction": 0, "bounce": 0, 
					"filter": { "categoryBits": 1, "maskBits": 65535 },
					"shape": [   338, 648  ,  353, 590  ,  379, 640  ]
				}  ,
				{
					"density": 2, "friction": 0, "bounce": 0, 
					"filter": { "categoryBits": 1, "maskBits": 65535 },
					"shape": [   167, 888  ,  -25, 865  ,  -12, -4  ,  317, 799  ,  317, 881  ]
				}  ,
				{
					"density": 2, "friction": 0, "bounce": 0, 
					"filter": { "categoryBits": 1, "maskBits": 65535 },
					"shape": [   1283, 580  ,  1111, 520  ,  -12, -4  ,  1291, -7  ]
				}  ,
				{
					"density": 2, "friction": 0, "bounce": 0, 
					"filter": { "categoryBits": 1, "maskBits": 65535 },
					"shape": [   804, 544  ,  768, 525  ,  673, 466  ,  875, 519  ,  882, 544  ]
				}  ,
				{
					"density": 2, "friction": 0, "bounce": 0, 
					"filter": { "categoryBits": 1, "maskBits": 65535 },
					"shape": [   959, 534  ,  929, 521  ,  1006, 515  ,  1012, 529  ]
				}  ,
				{
					"density": 2, "friction": 0, "bounce": 0, 
					"filter": { "categoryBits": 1, "maskBits": 65535 },
					"shape": [   320, 777  ,  337, 672  ,  355, 756  ,  346, 770  ]
				}  ,
				{
					"density": 2, "friction": 0, "bounce": 0, 
					"filter": { "categoryBits": 1, "maskBits": 65535 },
					"shape": [   1066, 523  ,  1055, 515  ,  1111, 520  ,  1106, 531  ]
				}  ,
				{
					"density": 2, "friction": 0, "bounce": 0, 
					"filter": { "categoryBits": 1, "maskBits": 65535 },
					"shape": [   673, 466  ,  768, 525  ,  732, 530  ,  673, 492  ]
				}  ,
				{
					"density": 2, "friction": 0, "bounce": 0, 
					"filter": { "categoryBits": 1, "maskBits": 65535 },
					"shape": [   346, 462  ,  -12, -4  ,  380, 422  ,  367, 448  ]
				}  ,
				{
					"density": 2, "friction": 0, "bounce": 0, 
					"filter": { "categoryBits": 1, "maskBits": 65535 },
					"shape": [   540, 350  ,  540, 338  ,  575, 373  ,  564, 374  ]
				}  ,
				{
					"density": 2, "friction": 0, "bounce": 0, 
					"filter": { "categoryBits": 1, "maskBits": 65535 },
					"shape": [   353, 590  ,  346, 462  ,  369, 579  ]
				}  ,
				{
					"density": 2, "friction": 0, "bounce": 0, 
					"filter": { "categoryBits": 1, "maskBits": 65535 },
					"shape": [   338, 648  ,  346, 462  ,  353, 590  ]
				}  ,
				{
					"density": 2, "friction": 0, "bounce": 0, 
					"filter": { "categoryBits": 1, "maskBits": 65535 },
					"shape": [   875, 519  ,  673, 466  ,  680, 460  ,  1006, 515  ,  929, 521  ]
				}  ,
				{
					"density": 2, "friction": 0, "bounce": 0, 
					"filter": { "categoryBits": 1, "maskBits": 65535 },
					"shape": [   540, 338  ,  1111, 520  ,  1055, 515  ,  677, 455  ,  575, 373  ]
				}  ,
				{
					"density": 2, "friction": 0, "bounce": 0, 
					"filter": { "categoryBits": 1, "maskBits": 65535 },
					"shape": [   320, 777  ,  338, 648  ,  337, 672  ]
				}  ,
				{
					"density": 2, "friction": 0, "bounce": 0, 
					"filter": { "categoryBits": 1, "maskBits": 65535 },
					"shape": [   320, 777  ,  -12, -4  ,  346, 462  ,  338, 648  ]
				}  ,
				{
					"density": 2, "friction": 0, "bounce": 0, 
					"filter": { "categoryBits": 1, "maskBits": 65535 },
					"shape": [   680, 460  ,  677, 455  ,  1055, 515  ,  1006, 515  ]
				}  ,
				{
					"density": 2, "friction": 0, "bounce": 0, 
					"filter": { "categoryBits": 1, "maskBits": 65535 },
					"shape": [   -12, -4  ,  320, 777  ,  317, 799  ]
				}  ,
				{
					"density": 2, "friction": 0, "bounce": 0, 
					"filter": { "categoryBits": 1, "maskBits": 65535 },
					"shape": [   -12, -4  ,  441, 373  ,  380, 422  ]
				}  ,
				{
					"density": 2, "friction": 0, "bounce": 0, 
					"filter": { "categoryBits": 1, "maskBits": 65535 },
					"shape": [   -12, -4  ,  494, 335  ,  441, 373  ]
				}  ,
				{
					"density": 2, "friction": 0, "bounce": 0, 
					"filter": { "categoryBits": 1, "maskBits": 65535 },
					"shape": [   -12, -4  ,  540, 338  ,  494, 335  ]
				}  ,
				{
					"density": 2, "friction": 0, "bounce": 0, 
					"filter": { "categoryBits": 1, "maskBits": 65535 },
					"shape": [   1111, 520  ,  540, 338  ,  -12, -4  ]
				}   ,
				{
					"density": 2, "friction": 0, "bounce": 0, 
					"filter": { "categoryBits": 1, "maskBits": 65535 },
					"shape": [   1284, 860  ,  1183, 860  ,  1182, 697  ,  1283, 648  ]
				}  ,
				{
					"density": 2, "friction": 0, "bounce": 0, 
					"filter": { "categoryBits": 1, "maskBits": 65535 },
					"shape": [   985, 756  ,  1002, 764  ,  1183, 860  ,  787, 858  ]
				}  ,
				{
					"density": 2, "friction": 0, "bounce": 0, 
					"filter": { "categoryBits": 1, "maskBits": 65535 },
					"shape": [   1150, 660  ,  1077, 664  ,  1074, 630  ,  1095, 610  ,  1132, 610  ,  1158, 635  ]
				}  ,
				{
					"density": 2, "friction": 0, "bounce": 0, 
					"filter": { "categoryBits": 1, "maskBits": 65535 },
					"shape": [   1182, 697  ,  1104, 680  ,  1092, 675  ,  1077, 664  ,  1150, 660  ,  1179, 681  ]
				}  ,
				{
					"density": 2, "friction": 0, "bounce": 0, 
					"filter": { "categoryBits": 1, "maskBits": 65535 },
					"shape": [   1182, 697  ,  1183, 860  ,  1112, 718  ,  1104, 680  ]
				}  ,
				{
					"density": 2, "friction": 0, "bounce": 0, 
					"filter": { "categoryBits": 1, "maskBits": 65535 },
					"shape": [   1183, 860  ,  1002, 764  ,  1112, 718  ]
				}  
		]
		
	}