{
  "name": "phaser",
  "version": "2.0.0",
  "main": "./phaser.js",
  "homepage": "http://phaser.io",
  "authors": [
    "photonstorm <rich@photonstorm.com>"
  ],
  "description": "A fun, free and fast 2D game framework for making HTML5 games for desktop and mobile, supporting Canvas and WebGL.",
  "keywords": [
    "html5",
    "game",
    "games",
    "framework",
    "canvas",
    "WebGL",
    "tilemaps",
    "physics",
    "sprites",
    "fonts",
    "images",
    "audio",
    "Web",
    "Audio",
    "touch",
    "input",
    "mobile"
  ],
  "license": "MIT",
  "_release": "2.0.0",
  "_resolution": {
    "type": "version",
    "tag": "2.0.0",
    "commit": "118b9a4a1a5e31e2f1adb9d65737836f6863c7af"
  },
  "_source": "git://github.com/nDmitry/bower-phaser.git",
  "_target": "*",
  "_originalSource": "phaser"
}